{
    "root_group": {
        "path": "",
        "id": "d41d8cd98f00b204e9800998ecf8427e",
        "groups": {
            "Browsing - User Feed": {
                "name": "Browsing - User Feed",
                "path": "::Browsing - User Feed",
                "id": "a4e95ecb97fb07d65e0962770d761491",
                "groups": {},
                "checks": {}
            }
        },
        "checks": {},
        "name": ""
    },
    "metrics": {
        "http_req_connecting": {
            "avg": 0.09905882352941177,
            "min": 0,
            "med": 0,
            "max": 0.374,
            "p(90)": 0.30720000000000003,
            "p(95)": 0.3388
        },
        "http_req_waiting": {
            "p(95)": 4101.4234,
            "avg": 1540.0858235294115,
            "min": 2.522,
            "med": 12.279,
            "max": 4114.945,
            "p(90)": 4010.5281999999997
        },
        "get_posts_time": {
            "max": 4122,
            "p(90)": 4109.4,
            "p(95)": 4115.7,
            "avg": 3729.1428571428573,
            "min": 2978,
            "med": 3914
        },
        "iterations": {
            "count": 4,
            "rate": 0.30002910282297385
        },
        "http_req_receiving": {
            "avg": 1.4670588235294117,
            "min": 0.105,
            "med": 0.594,
            "max": 7.045,
            "p(90)": 3.7484000000000006,
            "p(95)": 4.873799999999998
        },
        "get_users_time": {
            "p(90)": 23.200000000000003,
            "p(95)": 26.599999999999998,
            "avg": 14.8,
            "min": 8,
            "med": 12,
            "max": 30
        },
        "data_received": {
            "count": 967845,
            "rate": 72595.41675542528
        },
        "http_req_duration": {
            "med": 12.548,
            "max": 4118.397,
            "p(90)": 4015.9354000000003,
            "p(95)": 4103.4482,
            "avg": 1541.651411764706,
            "min": 2.661,
            "thresholds": {
                "p(95)<1000": true,
                "p(99)<2000": true
            }
        },
        "iteration_duration": {
            "p(90)": 7161.4416417,
            "p(95)": 7168.35427935,
            "avg": 6928.08622925,
            "min": 6410.249792,
            "med": 7063.4141039999995,
            "max": 7175.266917
        },
        "http_req_sending": {
            "max": 0.855,
            "p(90)": 0.12920000000000004,
            "p(95)": 0.3189999999999995,
            "avg": 0.09852941176470587,
            "min": 0.026,
            "med": 0.035
        },
        "http_req_failed": {
            "passes": 0,
            "fails": 17,
            "thresholds": {
                "rate<0.05": false
            },
            "value": 0
        },
        "http_req_duration{expected_response:true}": {
            "p(90)": 4015.9354000000003,
            "p(95)": 4103.4482,
            "avg": 1541.651411764706,
            "min": 2.661,
            "med": 12.548,
            "max": 4118.397
        },
        "errors": {
            "passes": 0,
            "fails": 17,
            "thresholds": {
                "rate<0.05": false
            },
            "value": 0
        },
        "data_sent": {
            "count": 2373,
            "rate": 177.99226524972923
        },
        "vus_max": {
            "max": 325,
            "value": 325,
            "min": 325
        },
        "http_req_tls_handshaking": {
            "avg": 0,
            "min": 0,
            "med": 0,
            "max": 0,
            "p(90)": 0,
            "p(95)": 0
        },
        "vus": {
            "value": 8,
            "min": 0,
            "max": 8
        },
        "http_reqs": {
            "count": 17,
            "rate": 1.2751236869976388
        },
        "http_req_blocked": {
            "min": 0.007,
            "med": 0.022,
            "max": 2.166,
            "p(90)": 0.5024000000000001,
            "p(95)": 0.8787999999999989,
            "avg": 0.2575882352941176
        },
        "group_duration": {
            "p(95)": 7167.8985107,
            "avg": 6927.78353125,
            "min": 6410.097125,
            "med": 7063.130604,
            "max": 7174.775792,
            "p(90)": 7161.0212294
        }
    }
}