{
    "metrics": {
        "http_req_blocked": {
            "p(95)": 0.5651499999999998,
            "avg": 0.1508908663532564,
            "min": 0.003,
            "med": 0.02,
            "max": 20.14,
            "p(90)": 0.36330000000000007
        },
        "vus_max": {
            "value": 325,
            "min": 325,
            "max": 325
        },
        "http_req_sending": {
            "avg": 0.2012820685023506,
            "min": 0.008,
            "med": 0.057,
            "max": 131.907,
            "p(90)": 0.17630000000000007,
            "p(95)": 0.327
        },
        "friendship_creation_time": {
            "max": 1423,
            "p(90)": 510.8,
            "p(95)": 683.5999999999991,
            "avg": 192.40540540540542,
            "min": 42,
            "med": 90
        },
        "http_req_waiting": {
            "avg": 11442.334341840164,
            "min": 2.792,
            "med": 138.67950000000002,
            "max": 55273.941,
            "p(90)": 30297.730900000002,
            "p(95)": 34142.1299
        },
        "comment_creation_time": {
            "p(90)": 30264.4,
            "p(95)": 30503.2,
            "avg": 25347.918367346938,
            "min": 12675,
            "med": 28917,
            "max": 30920
        },
        "http_req_duration{expected_response:true}": {
            "med": 46.647,
            "max": 55275.142,
            "p(90)": 29447.3992,
            "p(95)": 34007.428,
            "avg": 8035.858334780893,
            "min": 3.036
        },
        "get_users_time": {
            "p(90)": 177.60000000000005,
            "p(95)": 366.1999999999998,
            "avg": 72.72072853425846,
            "min": 6,
            "med": 20,
            "max": 1291
        },
        "iteration_duration": {
            "p(95)": 63475.375762150004,
            "avg": 33948.72152470415,
            "min": 4749.534916,
            "med": 31305.848458499997,
            "max": 101733.602667,
            "p(90)": 61858.61625860001
        },
        "group_duration": {
            "p(90)": 61833.86651670001,
            "p(95)": 63471.4936726,
            "avg": 33865.557208554026,
            "min": 4749.267959,
            "med": 30906.3192915,
            "max": 101733.289833
        },
        "checks": {
            "passes": 293,
            "fails": 111,
            "value": 0.7252475247524752
        },
        "http_reqs": {
            "count": 2978,
            "rate": 8.392871001803801
        },
        "errors": {
            "passes": 445,
            "fails": 2533,
            "thresholds": {
                "rate<0.05": true
            },
            "value": 0.1494291470785762
        },
        "http_req_failed": {
            "passes": 445,
            "fails": 2533,
            "thresholds": {
                "rate<0.05": true
            },
            "value": 0.1494291470785762
        },
        "iterations": {
            "count": 960,
            "rate": 2.70555949017181
        },
        "data_received": {
            "count": 56232629,
            "rate": 158479.91984193804
        },
        "post_creation_time": {
            "avg": 24810.108571428573,
            "min": 2007,
            "med": 29533,
            "max": 40332,
            "p(90)": 30743,
            "p(95)": 32654.3
        },
        "like_creation_time": {
            "min": 13621,
            "med": 29088,
            "max": 32198,
            "p(90)": 30346,
            "p(95)": 30611,
            "avg": 25564.64197530864
        },
        "http_req_receiving": {
            "max": 177.82,
            "p(90)": 2.2379000000000007,
            "p(95)": 5.0806999999999976,
            "avg": 1.391203828072531,
            "min": 0.037,
            "med": 0.3845
        },
        "get_posts_time": {
            "max": 55275,
            "p(90)": 35462.1,
            "p(95)": 40381.45,
            "avg": 26550.821184510252,
            "min": 1523,
            "med": 30010
        },
        "data_sent": {
            "count": 396282,
            "rate": 1116.8380477961095
        },
        "user_creation_time": {
            "avg": 96.75806451612904,
            "min": 15,
            "med": 43,
            "max": 958,
            "p(90)": 225.80000000000004,
            "p(95)": 346.2999999999999
        },
        "vus": {
            "value": 212,
            "min": 0,
            "max": 307
        },
        "http_req_connecting": {
            "avg": 0.054111820013431795,
            "min": 0,
            "med": 0,
            "max": 9.708,
            "p(90)": 0.19630000000000009,
            "p(95)": 0.319
        },
        "http_req_tls_handshaking": {
            "max": 0,
            "p(90)": 0,
            "p(95)": 0,
            "avg": 0,
            "min": 0,
            "med": 0
        },
        "http_req_duration": {
            "p(95)": 34142.6239,
            "avg": 11443.926827736737,
            "min": 3.036,
            "med": 140.5005,
            "max": 55275.142,
            "p(90)": 30313.5569,
            "thresholds": {
                "p(95)<1000": true,
                "p(99)<2000": true
            }
        }
    },
    "root_group": {
        "name": "",
        "path": "",
        "id": "d41d8cd98f00b204e9800998ecf8427e",
        "groups": {
            "Browsing - User Feed": {
                "groups": {},
                "checks": {},
                "name": "Browsing - User Feed",
                "path": "::Browsing - User Feed",
                "id": "a4e95ecb97fb07d65e0962770d761491"
            },
            "Content Creation": {
                "name": "Content Creation",
                "path": "::Content Creation",
                "id": "7d1e300a6ebacc920eb198ef9ec9f961",
                "groups": {},
                "checks": {
                        "post created": {
                            "passes": 106,
                            "fails": 69,
                            "name": "post created",
                            "path": "::Content Creation::post created",
                            "id": "3c4e93d864df068a2ba98dba7a69e5e5"
                        },
                        "user created": {
                            "id": "3192922bbf736790771aea10aebbe99d",
                            "passes": 62,
                            "fails": 0,
                            "name": "user created",
                            "path": "::Content Creation::user created"
                        }
                    }
            },
            "Social Interactions": {
                "name": "Social Interactions",
                "path": "::Social Interactions",
                "id": "a62de6cb90ade04da375bcac70717f6b",
                "groups": {},
                "checks": {
                        "like created": {
                            "name": "like created",
                            "path": "::Social Interactions::like created",
                            "id": "a6d4f528d2c4eba8289e52196269f16c",
                            "passes": 55,
                            "fails": 26
                        },
                        "comment created": {
                            "name": "comment created",
                            "path": "::Social Interactions::comment created",
                            "id": "eb6ebd4f14c5d92c41744e1f72665dc7",
                            "passes": 33,
                            "fails": 16
                        },
                        "friendship created": {
                            "path": "::Social Interactions::friendship created",
                            "id": "f279825c9c6af93cfe6d0344db866909",
                            "passes": 37,
                            "fails": 0,
                            "name": "friendship created"
                        }
                    }
            }
        },
        "checks": {}
    }
}