{"metrics":{"iteration_duration":{"type":"trend","contains":"time","values":{"p(90)":6261.5003253,"p(95)":6526.285832999999,"avg":5352.58667502,"min":3796.370042,"med":5403.064270999999,"max":7044.386125}},"http_req_duration":{"type":"trend","contains":"time","values":{"p(95)":3627.5913499999997,"avg":905.6888983516484,"min":6.074,"med":63.619,"max":4275.93,"p(90)":3271.6132000000002},"thresholds":{"p(95)<500":{"ok":false},"p(99)<1000":{"ok":false}}},"http_req_sending":{"type":"trend","contains":"time","values":{"p(95)":0.2,"avg":0.15772252747252735,"min":0.009,"med":0.0485,"max":24.705,"p(90)":0.13670000000000002}},"error_rate":{"type":"rate","contains":"default","values":{"rate":0,"passes":0,"fails":364},"thresholds":{"rate<0.05":{"ok":true}}},"vus_max":{"type":"gauge","contains":"default","values":{"value":700,"min":700,"max":700}},"comment_duration":{"contains":"default","values":{"p(90)":146.44300000000004,"p(95)":252.16149999999988,"avg":90.42653571428572,"min":19.074,"med":75.1125,"max":300.225},"type":"trend"},"like_duration":{"values":{"avg":81.6731875,"min":21.413,"med":54.7695,"max":332.762,"p(90)":164.5425,"p(95)":182.21704999999997},"type":"trend","contains":"default"},"data_sent":{"type":"counter","contains":"data","values":{"count":56519,"rate":998.5876237008612}},"iterations":{"type":"counter","contains":"default","values":{"count":100,"rate":1.7668175723223363}},"http_req_duration{expected_response:true}":{"type":"trend","contains":"time","values":{"p(95)":3627.5913499999997,"avg":905.6888983516484,"min":6.074,"med":63.619,"max":4275.93,"p(90)":3271.6132000000002}},"get_posts_duration":{"contains":"default","values":{"max":4275.93,"p(90)":3970.9231999999997,"p(95)":4051.9716,"avg":3005.9078571428568,"min":1353.859,"med":3061.772},"type":"trend"},"http_req_connecting":{"type":"trend","contains":"time","values":{"min":0,"med":0,"max":0.366,"p(90)":0,"p(95)":0,"avg":0.008074175824175822}},"http_req_tls_handshaking":{"type":"trend","contains":"time","values":{"max":0,"p(90)":0,"p(95)":0,"avg":0,"min":0,"med":0}},"data_received":{"type":"counter","contains":"data","values":{"count":5764068,"rate":101840.56630460864}},"http_reqs":{"type":"counter","contains":"default","values":{"count":364,"rate":6.431215963253304}},"http_req_receiving":{"type":"trend","contains":"time","values":{"p(90)":1.1852000000000005,"p(95)":1.9006499999999966,"avg":0.6249532967032971,"min":0.012,"med":0.2755,"max":17.385}},"create_post_duration":{"type":"trend","contains":"default","values":{"avg":55.783082191780814,"min":13.331,"med":46.588,"max":176.242,"p(90)":116.9988,"p(95)":130.8994}},"http_req_blocked":{"type":"trend","contains":"time","values":{"min":0.003,"med":0.0155,"max":20.315,"p(90)":0.06320000000000005,"p(95)":0.18979999999999955,"avg":0.11232142857142886}},"http_req_failed":{"type":"rate","contains":"default","values":{"passes":0,"fails":364,"rate":0},"thresholds":{"rate<0.05":{"ok":true}}},"vus":{"contains":"default","values":{"value":10,"min":10,"max":10},"type":"gauge"},"checks":{"type":"rate","contains":"default","values":{"rate":1,"passes":149,"fails":0}},"http_req_waiting":{"values":{"avg":904.9062225274731,"min":5.813,"med":62.969,"max":4273.976,"p(90)":3269.7531,"p(95)":3626.1354499999998},"type":"trend","contains":"time"}},"root_group":{"name":"","path":"","id":"d41d8cd98f00b204e9800998ecf8427e","groups":[],"checks":[{"fails":0,"name":"create post success","path":"::create post success","id":"d722ea08f9fba0737a7f642b10fbf2c0","passes":73},{"passes":28,"fails":0,"name":"create comment success","path":"::create comment success","id":"48a0675d53405d7412aa9859e6bbe95e"},{"name":"create like success","path":"::create like success","id":"7664fb5702e70fb2a6af3bcd2053ba77","passes":48,"fails":0}]},"options":{"summaryTrendStats":["avg","min","med","max","p(90)","p(95)"],"summaryTimeUnit":"","noColor":false},"state":{"isStdOutTTY":true,"isStdErrTTY":true,"testRunDurationMs":56598.939}}